,player,team,AGE,MIN,GP,PTS,REB,AST,PLUS_MINUS,TOV,FG_PCT,FG3M,FG3_PCT,FTM,FT_PCT,RANK,salary
0,Aaron Gordon,ORL,24.0,32.5,62,14.4,7.7,3.7,-1.1,1.6,0.437,1.2,0.308,2.4,0.674,60.0,18136364.0
1,Aaron Holiday,IND,23.0,24.5,66,9.5,2.4,3.4,1.7,1.3,0.414,1.3,0.394,1.1,0.851,314.0,2345640.0
2,Abdel Nader,OKC,26.0,15.8,55,6.3,1.8,0.7,-1.5,0.8,0.468,0.9,0.375,0.9,0.773,378.0,1752950.0
4,Admiral Schofield,WAS,23.0,11.2,33,3.0,1.4,0.5,-1.7,0.2,0.38,0.6,0.311,0.3,0.667,414.0,1517981.0
5,Al Horford,PHI,34.0,30.2,67,11.9,6.8,4.0,1.9,1.2,0.45,1.5,0.35,0.9,0.763,40.0,27500000.0
6,Al-Farouq Aminu,ORL,29.0,21.1,18,4.3,4.8,1.2,-1.9,0.9,0.291,0.5,0.25,1.1,0.655,125.0,9720900.0
7,Alec Burks,PHI,28.0,26.6,66,15.0,4.3,2.9,-3.4,1.4,0.418,1.8,0.385,3.6,0.887,184.0,6000000.0
9,Alex Caruso,LAL,26.0,18.4,64,5.5,1.9,1.9,3.8,0.8,0.412,0.6,0.333,1.1,0.734,291.0,2750000.0
10,Alex Len,SAC,27.0,17.6,55,8.0,5.8,0.9,-2.0,1.0,0.555,0.3,0.271,1.2,0.648,323.0,4032648.0
11,Alex Len,SAC,27.0,17.6,55,8.0,5.8,0.9,-2.0,1.0,0.555,0.3,0.271,1.2,0.648,382.0,4032648.0
12,Alfonzo McKinnie,CLE,27.0,14.8,40,4.6,2.8,0.4,-2.3,0.7,0.427,0.4,0.215,0.6,0.71,377.0,1762796.0
13,Alize Johnson,IND,24.0,6.9,17,2.0,2.8,0.4,1.5,0.4,0.414,0.2,0.375,0.4,0.7,489.0,399591.0
18,Andre Drummond,CLE,26.0,33.0,57,17.7,15.2,2.7,-3.4,3.6,0.533,0.1,0.143,3.0,0.575,32.0,29546311.0
19,Andre Drummond,CLE,26.0,33.0,57,17.7,15.2,2.7,-3.4,3.6,0.533,0.1,0.143,3.0,0.575,471.0,29546311.0
20,Andre Iguodala,MIA,36.0,19.9,21,4.6,3.7,2.4,-1.2,1.2,0.432,0.7,0.298,0.3,0.4,80.0,15000000.0
22,Andrew Wiggins,GSW,25.0,34.4,54,21.8,5.1,3.7,-3.7,2.4,0.447,2.1,0.332,3.5,0.709,23.0,29542010.0
23,Anfernee Simons,POR,21.0,20.7,70,8.3,2.2,1.4,-3.5,0.9,0.399,1.1,0.332,1.1,0.826,329.0,2252040.0
25,Anthony Davis,LAL,27.0,34.4,62,26.1,9.3,3.2,3.9,2.5,0.503,1.2,0.33,7.2,0.846,17.0,32742000.0
29,Aron Baynes,PHX,33.0,22.2,42,11.5,5.6,1.6,-1.1,1.2,0.48,1.4,0.351,1.3,0.747,170.0,6975610.0
30,Austin Rivers,HOU,27.0,23.4,68,8.8,2.6,1.7,1.2,0.7,0.421,1.4,0.356,1.1,0.703,272.0,3174603.0
31,Avery Bradley,LAL,29.0,24.2,49,8.6,2.3,1.3,3.7,1.0,0.444,1.3,0.364,0.4,0.833,189.0,5635000.0
33,Bam Adebayo,MIA,22.0,33.6,72,15.9,10.2,5.1,3.4,2.8,0.557,0.0,0.143,3.7,0.691,200.0,5115492.0
34,Ben McLemore,HOU,27.0,22.8,71,10.1,2.2,0.8,2.6,0.7,0.444,2.5,0.4,0.7,0.746,328.0,2852708.0
35,Ben McLemore,HOU,27.0,22.8,71,10.1,2.2,0.8,2.6,0.7,0.444,2.5,0.4,0.7,0.746,480.0,2852708.0
36,Ben Simmons,PHI,23.0,35.4,57,16.4,7.8,8.0,1.1,3.5,0.58,0.0,0.286,3.2,0.621,28.0,29250000.0
37,Bismack Biyombo,CHA,27.0,19.4,53,7.4,5.8,0.9,-2.9,0.9,0.543,0.0,0.0,1.7,0.603,320.0,2331593.0
38,Blake Griffin,DET,31.0,28.5,18,15.5,4.7,3.3,-1.4,2.2,0.352,1.5,0.243,4.2,0.776,18.0,33685241.0
39,Blake Griffin,DET,31.0,28.5,18,15.5,4.7,3.3,-1.4,2.2,0.352,1.5,0.243,4.2,0.776,446.0,33685241.0
41,Bobby Portis,NYK,25.0,21.1,66,10.1,5.1,1.5,-2.9,1.1,0.45,1.0,0.358,1.1,0.763,254.0,3623000.0
44,Bol Bol,DEN,20.0,12.4,7,5.7,2.7,0.9,-3.0,1.4,0.5,0.6,0.444,1.1,0.8,344.0,2058240.0
45,Brad Wanamaker,BOS,30.0,19.3,71,6.9,2.0,2.5,1.9,1.1,0.448,0.5,0.363,1.8,0.926,330.0,2250000.0
46,Bradley Beal,WAS,27.0,36.0,57,30.5,4.2,6.1,-3.5,3.4,0.455,3.0,0.353,6.8,0.842,31.0,28751775.0
47,Brandon Clarke,MEM,23.0,22.4,58,12.1,5.9,1.4,-0.3,0.9,0.618,0.4,0.359,1.5,0.759,296.0,2602920.0
48,Brandon Goodwin,ATL,24.0,12.7,34,6.1,2.1,1.5,-3.8,0.9,0.4,0.8,0.299,0.8,0.933,385.0,1701593.0
49,Brandon Ingram,NOP,22.0,33.9,62,23.8,6.1,4.2,-0.7,3.0,0.463,2.4,0.391,5.0,0.851,41.0,27285000.0
52,Brook Lopez,MIL,32.0,26.7,68,12.0,4.6,1.5,7.7,1.0,0.435,1.5,0.314,1.9,0.836,97.0,12697675.0
53,Bruce Brown,DET,23.0,28.2,58,8.9,4.7,4.0,-2.4,1.7,0.443,0.6,0.344,1.5,0.739,402.0,1663861.0
54,Bruno Caboclo,HOU,24.0,8.1,30,3.0,2.0,0.4,-1.1,0.4,0.427,0.2,0.182,0.3,0.889,490.0,361256.0
55,Bruno Fernando,ATL,21.0,12.7,56,4.3,3.5,0.9,-1.7,0.8,0.518,0.1,0.135,0.5,0.569,412.0,1517981.0
56,Bryn Forbes,SAS,26.0,25.1,63,11.2,2.0,1.7,-3.4,0.9,0.417,2.3,0.388,1.2,0.833,315.0,2337145.0
57,Buddy Hield,SAC,27.0,30.8,72,19.2,4.6,3.0,-1.5,2.3,0.429,3.8,0.394,1.6,0.846,45.0,24431818.0
58,CJ McCollum,POR,28.0,36.5,70,22.2,4.2,4.4,0.2,1.8,0.451,2.8,0.379,2.0,0.757,27.0,29354152.0
60,Caleb Martin,CHA,24.0,17.6,18,6.2,2.1,1.3,0.3,0.8,0.44,1.1,0.541,0.9,0.81,432.0,1517981.0
62,Cam Reddish,ATL,20.0,26.7,58,10.5,3.7,1.5,-4.2,1.7,0.384,1.4,0.332,1.7,0.802,224.0,4458000.0
63,Cameron Johnson,PHX,24.0,22.0,57,8.8,3.3,1.2,0.2,0.6,0.435,1.9,0.39,0.8,0.807,228.0,4235160.0
64,Cameron Payne,PHX,25.0,22.9,8,10.9,3.9,3.0,11.1,1.4,0.485,1.9,0.517,0.8,0.857,357.0,1977011.0
65,Caris LeVert,BKN,25.0,29.6,45,18.7,4.2,4.4,-0.1,2.6,0.425,1.8,0.364,3.1,0.711,71.0,16203704.0
66,Carmelo Anthony,POR,36.0,32.8,58,15.4,6.3,1.5,0.3,1.7,0.43,1.5,0.385,2.3,0.845,299.0,2564753.0
67,Carsen Edwards,BOS,22.0,9.5,37,3.3,1.3,0.6,-1.3,0.4,0.328,0.6,0.316,0.4,0.684,411.0,1517981.0
68,Cedi Osman,CLE,25.0,29.4,65,11.0,3.6,2.4,-5.4,1.4,0.437,1.9,0.383,1.0,0.67,140.0,8750000.0
69,Chandler Hutchison,CHI,24.0,18.8,28,7.8,3.9,0.9,-5.1,1.0,0.457,0.4,0.316,1.6,0.59,311.0,2443440.0
75,Chris Boucher,TOR,27.0,13.2,62,6.6,4.5,0.4,1.6,0.5,0.472,0.6,0.322,1.5,0.784,177.0,6490385.0
77,Chris Clemons,HOU,22.0,8.8,33,4.9,0.9,0.8,-1.9,0.6,0.401,1.1,0.346,0.3,0.909,422.0,1517981.0
78,Chris Paul,OKC,35.0,31.5,70,17.6,5.0,6.7,4.7,2.3,0.489,1.6,0.365,3.6,0.907,3.0,41358814.0
79,Chris Silva,MIA,23.0,7.9,44,3.0,2.9,0.5,-1.2,0.7,0.615,0.0,0.0,0.8,0.673,416.0,1517981.0
80,Christian Wood,DET,24.0,21.4,62,13.1,6.3,1.0,1.1,1.4,0.567,0.9,0.386,2.9,0.744,93.0,13015874.0
81,Clint Capela,ATL,26.0,32.8,39,13.9,13.8,1.2,1.5,1.6,0.629,0.0,0.0,1.4,0.529,74.0,16000000.0
82,Coby White,CHI,20.0,25.8,65,13.2,3.5,2.7,-2.5,1.7,0.394,2.0,0.354,1.6,0.791,191.0,5572680.0
83,Cody Martin,CHA,24.0,18.8,48,5.0,3.3,2.0,-1.4,0.9,0.43,0.4,0.234,0.9,0.646,409.0,1517981.0
84,Cody Zeller,CHA,27.0,23.1,58,11.1,7.1,1.5,-3.8,1.3,0.524,0.3,0.24,2.1,0.682,76.0,15415730.0
85,Collin Sexton,CLE,21.0,33.0,65,20.8,3.1,3.0,-6.1,2.4,0.472,1.5,0.38,3.5,0.846,210.0,4991880.0
87,Cory Joseph,SAC,28.0,24.4,72,6.4,2.6,3.5,-0.6,1.1,0.415,0.8,0.352,0.8,0.857,99.0,12600000.0
90,D'Angelo Russell,MIN,24.0,32.3,45,23.1,3.9,6.3,-5.6,3.3,0.426,3.5,0.367,3.6,0.809,33.0,28649250.0
91,D.J. Augustin,ORL,32.0,24.9,57,10.5,2.1,4.6,1.3,1.5,0.399,1.2,0.348,2.8,0.89,173.0,6666667.0
92,D.J. Wilson,MIL,24.0,9.8,37,3.6,2.5,0.7,-1.3,0.5,0.394,0.5,0.247,0.3,0.611,222.0,4548280.0
93,DaQuan Jeffries,SAC,22.0,10.9,13,3.8,1.4,0.5,0.2,0.2,0.5,0.4,0.278,0.4,0.833,438.0,1445697.0
94,Damian Jones,ATL,25.0,16.1,55,5.6,3.7,0.6,-4.7,0.5,0.68,0.0,0.222,1.1,0.738,472.0,785285.0
95,Damian Lillard,POR,29.0,37.5,66,30.0,4.3,8.0,1.3,2.9,0.463,4.1,0.401,7.0,0.888,19.0,31626953.0
96,Damion Lee,GSW,27.0,29.0,49,12.7,4.9,2.7,-2.5,1.4,0.417,1.7,0.356,2.2,0.873,375.0,1762796.0
97,Damyean Dotson,NYK,26.0,17.4,48,6.7,1.9,1.2,-1.8,0.4,0.414,1.2,0.362,0.5,0.667,355.0,2000000.0
98,Daniel Gafford,CHI,21.0,14.2,43,5.1,2.5,0.5,-0.7,0.7,0.701,0.0,0.0,0.7,0.533,415.0,1517981.0
99,Daniel Theis,BOS,28.0,24.1,65,9.2,6.6,1.7,3.1,0.8,0.566,0.5,0.333,1.3,0.763,209.0,5000000.0
100,Danilo Gallinari,OKC,31.0,29.6,62,18.7,5.2,1.9,3.7,1.2,0.438,2.9,0.405,4.3,0.893,52.0,19500000.0
101,Danny Green,LAL,33.0,24.8,68,8.0,3.3,1.3,3.8,0.9,0.416,1.8,0.367,0.5,0.688,77.0,15365854.0
102,Dante Exum,CLE,24.0,13.9,35,4.5,1.9,1.1,-3.1,0.9,0.471,0.4,0.349,0.9,0.744,126.0,9600000.0
105,Darius Bazley,OKC,20.0,18.5,61,5.6,4.0,0.7,-1.3,0.7,0.394,0.8,0.348,0.7,0.694,312.0,2399160.0
106,Darius Garland,CLE,20.0,30.9,59,12.3,1.9,3.9,-5.0,2.6,0.401,1.8,0.355,1.1,0.875,172.0,6720720.0
108,David Nwaba,HOU,27.0,13.4,20,5.2,2.3,0.4,1.8,0.4,0.521,0.6,0.429,0.9,0.667,370.0,1862250.0
110,De'Aaron Fox,SAC,22.0,32.0,51,21.1,3.8,6.8,-2.4,3.1,0.48,1.1,0.292,4.7,0.705,147.0,8099627.0
111,De'Andre Hunter,ATL,22.0,32.0,63,12.3,4.5,1.8,-4.1,1.6,0.41,1.7,0.355,1.7,0.764,160.0,7422000.0
112,De'Anthony Melton,MEM,22.0,19.5,60,7.6,3.7,2.9,2.0,1.4,0.401,0.7,0.286,1.6,0.769,156.0,7812500.0
113,DeAndre Jordan,BKN,31.0,22.0,56,8.3,10.0,1.9,-0.7,1.3,0.666,0.0,0.0,1.5,0.68,116.0,10375678.0
114,DeAndre' Bembry,ATL,25.0,21.3,43,5.8,3.5,1.9,-6.0,1.4,0.456,0.3,0.231,0.6,0.542,380.0,1737145.0
115,DeMar DeRozan,SAS,30.0,34.1,68,22.1,5.5,5.6,-1.7,2.4,0.531,0.1,0.257,5.6,0.845,37.0,27739975.0
116,DeMarre Carroll,HOU,33.0,12.1,24,3.6,2.3,1.0,-0.1,0.7,0.379,0.3,0.242,1.2,0.69,181.0,6167887.0
117,Dean Wade,CLE,23.0,6.0,12,1.7,1.6,0.2,-0.8,0.3,0.692,0.2,0.5,0.0,0.0,430.0,1517981.0
118,Deandre Ayton,PHX,21.0,32.5,38,18.2,11.5,1.9,2.6,2.1,0.546,0.1,0.231,1.8,0.753,120.0,10018200.0
119,Dejounte Murray,SAS,23.0,25.6,66,10.9,5.8,4.1,-2.9,1.9,0.462,0.6,0.369,1.4,0.798,83.0,14285714.0
120,Delon Wright,DAL,28.0,21.5,73,6.9,3.8,3.3,0.5,1.0,0.462,0.6,0.37,1.1,0.77,138.0,9000000.0
122,Dennis Smith Jr.,NYK,22.0,15.8,34,5.5,2.3,2.9,-5.7,1.7,0.341,0.5,0.296,0.8,0.509,188.0,5686677.0
123,Denzel Valentine,CHI,26.0,13.6,36,6.8,2.1,1.2,-1.1,0.7,0.409,1.3,0.336,0.2,0.75,220.0,4642800.0
125,Derrick Favors,NOP,28.0,24.4,51,9.0,9.8,1.6,2.3,1.1,0.617,0.0,0.143,0.8,0.563,132.0,9258000.0
126,Derrick Jones Jr.,MIA,23.0,23.3,59,8.5,3.9,1.1,-0.5,0.5,0.527,0.6,0.28,1.6,0.772,130.0,9268293.0
127,Derrick Rose,DET,31.0,26.0,50,18.1,2.4,5.6,-1.7,2.5,0.49,0.9,0.306,2.4,0.871,157.0,7682927.0
129,Derrick White,SAS,25.0,24.7,68,11.3,3.3,3.5,0.6,1.3,0.458,1.2,0.366,2.6,0.853,260.0,3516284.0
130,Devin Booker,PHX,23.0,35.9,70,26.6,4.2,6.5,1.9,3.8,0.489,2.0,0.354,6.7,0.919,25.0,29430000.0
133,Devonte' Graham,CHA,25.0,35.1,63,18.2,3.4,7.5,-2.9,2.9,0.382,3.5,0.373,3.0,0.82,401.0,1663861.0
135,Dewayne Dedmon,ATL,30.0,17.6,44,5.8,5.7,0.5,-0.6,1.3,0.4,0.5,0.206,0.7,0.833,285.0,3447478.0
136,Dewayne Dedmon,ATL,30.0,17.6,44,5.8,5.7,0.5,-0.6,1.3,0.4,0.5,0.206,0.7,0.833,479.0,3447478.0
137,Dillon Brooks,MEM,24.0,28.9,73,16.2,3.3,2.1,-0.6,1.7,0.407,2.0,0.358,2.2,0.808,110.0,11400000.0
138,Dion Waiters,LAL,28.0,20.7,10,11.1,2.4,2.0,2.9,1.6,0.414,1.5,0.319,1.4,0.824,98.0,12650000.0
139,Domantas Sabonis,IND,24.0,34.8,62,18.5,12.4,5.0,2.6,2.7,0.54,0.3,0.254,3.5,0.723,65.0,17187500.0
140,Donovan Mitchell,UTA,23.0,34.3,69,24.0,4.4,4.3,1.6,2.7,0.449,2.5,0.366,4.0,0.863,199.0,5195501.0
142,Donte DiVincenzo,MIL,23.0,23.0,66,9.2,4.8,2.3,6.2,1.4,0.455,1.3,0.336,1.0,0.733,278.0,3044160.0
143,Dorian Finney-Smith,DAL,27.0,29.9,71,9.5,5.7,1.6,3.9,1.0,0.466,1.6,0.376,1.1,0.722,237.0,4000000.0
144,Doug McDermott,IND,28.0,19.9,69,10.3,2.5,1.1,1.5,0.6,0.488,1.9,0.435,0.7,0.828,162.0,7333333.0
146,Draymond Green,GSW,30.0,28.4,43,8.0,6.2,6.2,-4.5,2.3,0.389,0.8,0.279,1.5,0.759,47.0,22246956.0
147,Drew Eubanks,SAS,23.0,12.4,22,4.9,3.9,0.7,-3.2,1.0,0.642,0.0,1.0,0.9,0.769,403.0,1620564.0
148,Duncan Robinson,MIA,26.0,29.7,73,13.5,3.2,1.4,4.8,1.0,0.47,3.7,0.446,0.9,0.931,396.0,1663861.0
150,Dwayne Bacon,CHA,24.0,17.6,39,5.7,2.6,1.3,-3.4,0.9,0.348,0.5,0.284,0.9,0.66,389.0,1678854.0
151,Dwight Howard,LAL,34.0,18.9,69,7.5,7.3,0.7,2.3,1.2,0.729,0.0,0.6,1.6,0.514,300.0,2564753.0
152,Dwight Powell,DAL,28.0,26.5,40,9.4,5.7,1.5,4.9,0.9,0.638,0.3,0.256,1.9,0.667,118.0,10185185.0
154,E'Twaun Moore,NOP,31.0,18.2,56,8.3,2.3,1.4,-0.8,0.7,0.426,1.1,0.377,0.6,0.689,316.0,2331593.0
155,Ed Davis,UTA,31.0,10.8,28,1.8,3.8,0.4,-3.9,0.5,0.478,0.0,0.0,0.3,0.5,206.0,5005350.0
156,Edmond Sumner,IND,24.0,14.4,31,4.9,1.5,1.8,-0.9,0.7,0.43,0.5,0.264,0.5,0.552,337.0,2160000.0
157,Elfrid Payton,NYK,26.0,27.7,45,10.0,4.7,7.2,-1.9,2.1,0.439,0.3,0.203,1.1,0.57,218.0,5760000.0
158,Elfrid Payton,NYK,26.0,27.7,45,10.0,4.7,7.2,-1.9,2.1,0.439,0.3,0.203,1.1,0.57,449.0,5760000.0
161,Enes Kanter,BOS,28.0,17.0,58,8.1,7.4,1.0,3.6,1.0,0.572,0.0,0.143,1.2,0.707,204.0,5005350.0
162,Eric Bledsoe,MIL,30.0,27.0,61,14.9,4.6,5.4,7.1,2.4,0.475,1.2,0.344,2.8,0.79,68.0,16875000.0
163,Eric Gordon,HOU,31.0,28.2,36,14.4,2.0,1.5,0.1,1.2,0.369,2.7,0.317,2.3,0.766,69.0,16869276.0
165,Eric Paschall,GSW,23.0,27.6,60,14.0,4.6,2.1,-6.3,1.6,0.497,0.6,0.287,2.7,0.774,408.0,1517981.0
167,Evan Fournier,ORL,27.0,31.4,66,18.5,2.6,3.2,-1.2,1.9,0.467,2.6,0.399,2.7,0.818,67.0,17000000.0
170,Frank Kaminsky,PHX,27.0,19.9,39,9.7,4.5,1.9,-0.2,0.9,0.45,1.1,0.331,1.6,0.678,368.0,1882867.0
172,Frank Ntilikina,NYK,21.0,20.8,57,6.3,2.1,3.0,-1.7,1.2,0.393,0.8,0.321,0.9,0.864,180.0,6176578.0
173,Fred VanVleet,TOR,26.0,35.7,54,17.6,3.8,6.6,3.8,2.2,0.413,2.7,0.39,3.1,0.848,49.0,21250000.0
174,Furkan Korkmaz,PHI,22.0,21.7,72,9.8,2.3,1.1,1.3,0.8,0.43,2.0,0.402,1.1,0.755,376.0,1762796.0
176,Garrett Temple,BKN,34.0,27.9,62,10.3,3.5,2.5,-0.7,1.0,0.378,2.0,0.329,1.1,0.805,216.0,4767000.0
178,Gary Clark,ORL,25.0,13.5,42,3.7,2.6,0.4,-1.3,0.2,0.406,0.9,0.351,0.2,0.9,352.0,2000000.0
179,Gary Harris,DEN,25.0,31.8,56,10.4,2.9,2.1,2.2,1.1,0.42,1.3,0.333,1.3,0.815,54.0,19160714.0
181,Gary Trent Jr.,POR,21.0,21.8,61,8.9,1.6,1.0,-0.9,0.3,0.444,1.8,0.418,0.6,0.822,392.0,1663861.0
182,George Hill,MIL,34.0,21.5,59,9.4,3.0,3.1,5.1,1.0,0.516,1.4,0.46,1.4,0.842,127.0,9590602.0
183,Georges Niang,UTA,27.0,14.0,66,5.9,1.9,0.7,-0.6,0.5,0.438,1.4,0.4,0.3,0.833,373.0,1783557.0
184,Giannis Antetokounmpo,MIL,25.0,30.4,63,29.5,13.6,5.6,10.8,3.7,0.553,1.4,0.304,6.3,0.633,38.0,27528090.0
185,Glenn Robinson III,PHI,26.0,28.8,62,11.7,4.4,1.5,-4.8,0.9,0.486,1.2,0.391,1.2,0.86,456.0,930930.0
186,Goga Bitadze,IND,20.0,8.7,54,3.2,2.0,0.4,-0.3,0.5,0.467,0.1,0.19,0.4,0.727,283.0,2957520.0
188,Gordon Hayward,BOS,30.0,33.5,52,17.5,6.7,4.1,6.4,1.8,0.5,1.6,0.383,2.4,0.855,35.0,28500000.0
189,Gorgui Dieng,MEM,30.0,17.4,63,7.4,5.6,1.2,-1.6,1.0,0.456,0.9,0.355,1.2,0.772,70.0,17587688.0
190,Gorgui Dieng,MEM,30.0,17.4,63,7.4,5.6,1.2,-1.6,1.0,0.456,0.9,0.355,1.2,0.772,452.0,17587688.0
191,Grant Williams,BOS,21.0,15.1,69,3.4,2.6,1.0,1.9,0.7,0.412,0.3,0.25,0.6,0.722,309.0,2498760.0
192,Grayson Allen,MEM,24.0,18.9,38,8.7,2.2,1.4,-2.5,0.9,0.466,1.5,0.404,1.0,0.867,308.0,2545320.0
193,Hamidou Diallo,OKC,21.0,19.5,46,6.9,3.6,0.8,0.3,1.1,0.446,0.3,0.281,0.8,0.603,397.0,1663861.0
194,Harrison Barnes,SAC,28.0,34.5,72,14.5,4.9,2.2,-1.7,1.2,0.46,1.4,0.381,3.0,0.801,48.0,22215909.0
196,Hassan Whiteside,POR,31.0,30.0,67,15.5,13.5,1.2,1.7,1.8,0.621,0.1,0.571,2.4,0.686,321.0,2320044.0
199,Ignas Brazdeikis,NYK,21.0,5.9,9,1.9,0.6,0.4,-1.3,0.2,0.273,0.1,0.111,0.4,0.8,418.0,1517981.0
200,Iman Shumpert,BKN,30.0,18.5,13,4.2,2.6,0.9,-4.0,0.8,0.328,0.6,0.242,0.3,0.571,485.0,447155.0
201,Isaac Bonga,WAS,20.0,18.9,66,5.0,3.4,1.2,-0.5,0.9,0.504,0.4,0.352,1.0,0.812,399.0,1663861.0
202,Isaiah Hartenstein,HOU,22.0,11.6,23,4.7,3.9,0.8,1.7,0.7,0.657,0.0,0.0,0.8,0.679,439.0,1445697.0
203,Isaiah Roby,OKC,22.0,3.8,3,0.0,0.7,0.0,-1.3,0.3,0.0,0.0,0.0,0.0,0.0,419.0,1517981.0
205,Ish Smith,WAS,31.0,26.3,68,10.9,3.2,4.9,-2.1,1.4,0.447,0.9,0.367,0.9,0.721,182.0,6146341.0
206,Ivica Zubac,LAC,23.0,18.4,72,8.3,7.5,1.1,3.2,0.8,0.613,0.0,0.0,1.7,0.747,168.0,7000000.0
207,J.J. Barea,DAL,36.0,15.5,29,7.7,1.8,3.9,0.7,1.3,0.411,1.1,0.376,0.7,0.909,306.0,2564753.0
211,Ja Morant,MEM,20.0,31.0,67,17.8,3.9,7.3,-0.3,3.3,0.477,0.9,0.335,3.6,0.776,136.0,9166800.0
212,JaKarr Sampson,IND,27.0,13.8,34,4.6,2.6,0.6,0.6,0.4,0.591,0.1,0.154,0.5,0.667,366.0,1882867.0
213,JaMychal Green,LAC,30.0,20.7,63,6.8,6.2,0.8,2.4,0.9,0.429,1.5,0.387,0.6,0.75,165.0,7199760.0
214,JaVale McGee,LAL,32.0,16.6,68,6.6,5.7,0.5,1.9,0.8,0.637,0.0,0.5,0.8,0.646,229.0,4200000.0
215,Jabari Parker,SAC,25.0,24.2,38,14.0,5.6,1.8,-2.5,1.7,0.51,0.8,0.269,1.6,0.753,175.0,6916834.0
216,Jabari Parker,SAC,25.0,24.2,38,14.0,5.6,1.8,-2.5,1.7,0.51,0.8,0.269,1.6,0.753,488.0,6916834.0
217,Jacob Evans,MIN,23.0,14.4,29,4.4,1.4,1.1,-3.5,0.9,0.336,0.4,0.333,0.9,0.862,351.0,2017320.0
218,Jae Crowder,MIA,29.0,28.8,65,10.5,5.9,2.5,-2.0,1.1,0.401,2.1,0.343,1.5,0.776,131.0,9258000.0
219,Jahlil Okafor,NOP,24.0,15.6,30,8.1,4.2,1.2,-3.4,1.3,0.623,0.0,0.333,1.3,0.645,364.0,1882867.0
220,Jake Layman,MIN,26.0,22.0,23,9.1,2.5,0.7,1.0,1.0,0.453,1.0,0.333,1.0,0.75,247.0,3761085.0
221,Jakob Poeltl,SAS,24.0,17.7,66,5.6,5.7,1.8,1.8,0.8,0.624,0.0,0.0,0.6,0.465,146.0,8101852.0
222,Jalen Brunson,DAL,23.0,17.9,57,8.2,2.4,3.3,3.0,1.2,0.466,0.8,0.358,1.1,0.813,398.0,1663861.0
223,Jalen Lecque,PHX,20.0,6.3,5,2.0,0.4,0.4,-4.0,0.4,0.4,0.0,0.0,0.4,1.0,421.0,1517981.0
224,Jalen McDaniels,CHA,22.0,18.3,16,5.6,4.1,0.8,-1.4,0.7,0.471,0.6,0.375,0.9,0.824,431.0,1517981.0
226,Jamal Murray,DEN,23.0,32.3,59,18.5,4.0,4.8,4.1,2.2,0.456,1.9,0.346,2.8,0.881,29.0,29250000.0
228,James Harden,HOU,30.0,36.5,68,34.3,6.6,7.5,4.2,4.5,0.444,4.4,0.355,10.2,0.865,5.0,40824000.0
229,James Johnson,MIN,33.0,19.4,32,8.4,3.7,2.3,-2.3,1.5,0.479,1.0,0.363,1.0,0.646,73.0,16047100.0
230,Jared Dudley,LAL,34.0,8.1,45,1.5,1.2,0.6,0.4,0.2,0.4,0.4,0.429,0.0,1.0,303.0,2564753.0
232,Jaren Jackson Jr.,MEM,20.0,28.5,57,17.4,4.6,1.4,-1.8,1.7,0.469,2.5,0.394,2.4,0.747,164.0,7257360.0
233,Jarred Vanderbilt,MIN,21.0,4.2,11,1.1,0.8,0.2,-2.5,0.6,0.625,0.0,0.0,0.2,1.0,400.0,1663861.0
235,Jarrett Allen,BKN,22.0,26.5,70,11.1,9.6,1.6,0.6,1.1,0.649,0.0,0.0,2.4,0.633,241.0,3909902.0
236,Jarrett Culver,MIN,21.0,23.9,63,9.2,3.4,1.7,-1.6,1.3,0.404,1.0,0.299,0.9,0.462,183.0,6104280.0
238,Javonte Green,BOS,26.0,9.7,48,3.4,1.9,0.5,-0.6,0.5,0.5,0.2,0.273,0.6,0.667,433.0,1517981.0
239,Jaxson Hayes,NOP,20.0,16.9,64,7.4,4.0,0.9,-0.9,0.8,0.672,0.0,0.25,1.9,0.647,201.0,5105160.0
240,Jaylen Brown,BOS,23.0,33.9,57,20.3,6.4,2.1,4.0,2.2,0.481,2.3,0.382,3.1,0.724,46.0,22991071.0
242,Jaylen Nowell,MIN,20.0,10.1,15,3.8,0.9,1.3,0.7,0.2,0.358,0.2,0.115,1.1,0.941,428.0,1517981.0
243,Jayson Tatum,BOS,22.0,34.3,66,23.4,7.0,3.0,7.6,2.3,0.45,2.9,0.403,3.8,0.812,123.0,9897120.0
244,Jeff Green,HOU,33.0,20.0,48,9.4,2.8,1.0,-1.8,0.9,0.462,1.3,0.339,1.5,0.802,307.0,2564753.0
245,Jeff Teague,ATL,32.0,24.8,59,10.9,2.4,5.2,-2.9,2.0,0.436,0.7,0.368,2.9,0.873,301.0,3372826.0
246,Jeff Teague,ATL,32.0,24.8,59,10.9,2.4,5.2,-2.9,2.0,0.436,0.7,0.368,2.9,0.873,469.0,3372826.0
247,Jerami Grant,DEN,26.0,26.6,71,12.0,3.5,1.2,-1.2,0.9,0.478,1.4,0.389,2.1,0.75,55.0,19047619.0
249,Jeremy Lamb,IND,28.0,28.1,46,12.5,4.3,2.1,0.0,1.1,0.451,1.2,0.335,2.0,0.836,115.0,10500000.0
251,Jerian Grant,WAS,27.0,13.4,6,4.5,1.0,1.5,-0.5,0.5,0.37,0.3,0.25,0.8,0.714,367.0,1882867.0
252,Jerome Robinson,WAS,23.0,15.5,63,5.1,2.0,1.4,-0.5,0.8,0.371,0.8,0.32,0.6,0.702,248.0,3737520.0
253,Jevon Carter,PHX,24.0,16.3,58,4.9,2.0,1.4,-0.2,0.6,0.416,1.1,0.425,0.4,0.852,258.0,3549383.0
254,Jimmy Butler,MIA,30.0,33.8,58,19.9,6.7,6.0,4.4,2.2,0.455,0.5,0.244,7.6,0.834,11.0,34379100.0
255,Joakim Noah,LAC,35.0,10.0,5,2.8,3.2,1.4,-3.8,1.2,0.5,0.0,0.0,1.2,0.75,178.0,6431666.0
257,Joe Harris,BKN,28.0,30.8,69,14.5,4.3,2.1,1.2,1.5,0.486,2.5,0.424,0.9,0.719,72.0,16071429.0
258,Joe Ingles,UTA,32.0,29.7,72,9.8,3.9,5.2,3.3,2.0,0.445,2.0,0.399,1.0,0.787,113.0,10863637.0
259,Joel Embiid,PHI,26.0,29.5,51,23.0,11.6,3.0,3.2,3.1,0.477,1.1,0.331,6.9,0.807,22.0,29542010.0
260,John Collins,ATL,22.0,33.2,41,21.6,10.1,1.5,-4.0,1.8,0.583,1.4,0.401,2.9,0.8,232.0,4137302.0
262,John Konchar,MEM,24.0,9.5,19,2.8,2.5,1.2,1.9,0.4,0.649,0.3,0.5,0.1,0.5,340.0,2093023.0
267,Jonathan Isaac,ORL,22.0,28.8,34,11.9,6.8,1.4,0.5,1.4,0.47,0.9,0.34,1.8,0.779,161.0,7362566.0
270,Jordan Clarkson,UTA,28.0,24.0,71,15.2,2.6,1.9,-0.1,1.4,0.454,2.1,0.368,1.9,0.836,108.0,11500000.0
273,Jordan Poole,GSW,21.0,22.3,57,8.8,2.1,2.4,-3.5,1.3,0.333,1.3,0.279,1.7,0.798,343.0,2063280.0
274,Josh Gray,NOP,26.0,11.4,2,1.0,1.0,1.0,-3.5,2.5,0.5,0.0,0.0,0.0,0.0,404.0,1620564.0
275,Josh Hart,NOP,25.0,27.0,65,10.1,6.5,1.7,-1.8,1.2,0.423,1.9,0.342,1.3,0.739,264.0,3491159.0
276,Josh Jackson,MEM,23.0,17.3,22,9.0,3.0,1.6,1.1,1.3,0.44,1.0,0.319,1.6,0.7,215.0,4767000.0
278,Josh Okogie,MIN,21.0,25.0,62,8.6,4.3,1.6,-2.6,1.4,0.427,0.7,0.266,2.5,0.796,294.0,2651040.0
280,Josh Richardson,PHI,26.0,30.8,55,13.7,3.2,2.9,2.2,1.9,0.43,1.5,0.341,2.1,0.809,114.0,10800000.0
281,Jrue Holiday,NOP,30.0,34.7,61,19.1,4.8,6.7,0.6,3.0,0.455,2.0,0.353,2.1,0.709,43.0,26131111.0
284,Julius Randle,NYK,25.0,32.5,64,19.5,9.7,3.1,-3.8,3.0,0.46,1.0,0.277,4.0,0.733,58.0,18900000.0
286,Justin Holiday,IND,31.0,25.0,73,8.3,3.3,1.3,0.5,0.6,0.428,1.8,0.405,0.7,0.791,187.0,5720400.0
287,Justin Jackson,DAL,25.0,16.1,65,5.5,2.4,0.8,0.1,0.2,0.396,0.7,0.294,0.6,0.84,202.0,5029650.0
288,Justin James,SAC,23.0,6.5,36,2.5,0.9,0.5,-0.7,0.2,0.417,0.3,0.31,0.3,0.476,417.0,1517981.0
292,Justise Winslow,MEM,24.0,32.0,11,11.3,6.6,4.0,4.7,2.2,0.388,0.5,0.222,1.6,0.667,95.0,13000000.0
295,KZ Okpala,MIA,21.0,5.2,5,1.4,1.0,0.2,-3.0,0.2,0.6,0.0,0.0,0.2,0.5,407.0,1517981.0
297,Karl-Anthony Towns,MIN,24.0,33.9,35,26.5,10.8,4.4,-0.4,3.1,0.508,3.3,0.412,5.1,0.796,26.0,29430000.0
298,Kawhi Leonard,LAC,29.0,32.4,57,27.1,7.1,4.9,8.4,2.6,0.47,2.2,0.378,6.2,0.886,13.0,34379100.0
300,Kelan Martin,MIN,24.0,16.0,31,6.4,3.1,0.7,-0.7,0.6,0.392,0.8,0.26,1.0,0.968,441.0,1445697.0
301,Keldon Johnson,SAS,20.0,17.7,17,9.1,3.4,0.9,3.9,0.8,0.596,0.8,0.591,2.1,0.795,345.0,2048040.0
302,Kelly Olynyk,MIA,29.0,19.4,67,8.2,4.6,1.7,0.9,1.1,0.462,1.4,0.406,1.3,0.86,101.0,12198243.0
303,Kelly Oubre Jr.,PHX,24.0,34.5,56,18.7,6.4,1.5,-0.5,1.5,0.452,1.9,0.352,3.4,0.78,82.0,14375000.0
304,Kemba Walker,BOS,30.0,31.1,56,20.4,3.9,4.8,4.4,2.1,0.425,3.2,0.381,3.7,0.864,12.0,34379100.0
305,Kendrick Nunn,MIA,24.0,29.3,67,15.3,2.7,3.3,0.9,1.7,0.439,2.0,0.35,1.3,0.85,395.0,1663861.0
306,Kenrich Williams,NOP,25.0,21.3,39,3.5,4.8,1.5,-0.7,0.6,0.347,0.6,0.258,0.2,0.346,354.0,2000000.0
307,Kent Bazemore,SAC,30.0,24.8,68,8.8,4.3,1.4,0.1,1.3,0.375,1.2,0.344,1.7,0.769,322.0,2320044.0
308,Kentavious Caldwell-Pope,LAL,27.0,25.5,69,9.3,2.1,1.6,2.2,0.9,0.467,1.3,0.385,1.1,0.775,104.0,12073020.0
310,Kevin Huerter,ATL,21.0,31.4,56,12.2,4.1,3.8,-4.3,1.6,0.413,2.3,0.38,0.9,0.828,289.0,2761920.0
312,Kevin Love,CLE,31.0,31.8,56,17.6,9.8,3.2,-4.8,2.5,0.45,2.6,0.374,3.3,0.854,20.0,31300000.0
313,Kevin Porter Jr.,CLE,20.0,23.2,50,10.0,3.2,2.2,-5.8,1.9,0.442,1.1,0.335,1.5,0.723,347.0,2033160.0
314,Kevon Looney,GSW,24.0,13.1,20,3.4,3.3,1.0,-5.0,0.6,0.367,0.1,0.071,0.5,0.75,214.0,4821429.0
315,Khem Birch,ORL,27.0,19.2,48,4.4,4.6,1.0,-2.7,0.6,0.51,0.0,0.0,1.4,0.653,280.0,3425463.0
316,Khem Birch,ORL,27.0,19.2,48,4.4,4.6,1.0,-2.7,0.6,0.51,0.0,0.0,1.4,0.653,487.0,3425463.0
317,Khris Middleton,MIL,28.0,29.9,62,20.9,6.2,4.3,8.1,2.2,0.497,2.4,0.415,3.4,0.916,16.0,33051724.0
318,Khyri Thomas,DET,24.0,7.7,8,2.1,0.1,0.4,-4.5,0.4,0.294,0.6,0.357,0.3,0.5,475.0,744684.0
320,Kris Dunn,CHI,26.0,24.9,51,7.3,3.6,3.4,-0.6,1.3,0.444,0.6,0.259,0.8,0.741,217.0,4767000.0
324,Kyle Anderson,MEM,26.0,19.8,67,5.8,4.3,2.4,-1.4,1.0,0.474,0.4,0.282,0.8,0.667,128.0,9505100.0
327,Kyle Kuzma,LAL,24.0,25.0,61,12.8,4.5,1.3,3.0,1.5,0.436,1.4,0.316,1.9,0.735,256.0,3562178.0
328,Kyle Lowry,TOR,34.0,36.2,58,19.4,5.0,7.5,4.7,3.1,0.416,2.8,0.352,5.1,0.857,21.0,30000000.0
330,Kyrie Irving,BKN,28.0,32.9,20,27.4,5.2,6.4,-0.4,2.6,0.478,2.8,0.394,4.7,0.922,15.0,33329100.0
331,LaMarcus Aldridge,SAS,34.0,33.1,53,18.9,7.4,2.4,-2.4,1.4,0.493,1.2,0.389,3.0,0.827,59.0,19078340.0
332,LaMarcus Aldridge,SAS,34.0,33.1,53,18.9,7.4,2.4,-2.4,1.4,0.493,1.2,0.389,3.0,0.827,468.0,19078340.0
334,Landry Shamet,LAC,23.0,27.4,53,9.3,1.9,1.9,2.3,0.8,0.404,2.1,0.375,1.2,0.855,341.0,2090040.0
335,Langston Galloway,DET,28.0,25.8,66,10.3,2.3,1.5,-2.2,0.6,0.435,2.0,0.399,1.1,0.859,349.0,2028594.0
336,Larry Nance Jr.,CLE,27.0,26.3,56,10.1,7.3,2.2,-2.8,1.1,0.531,1.0,0.352,0.9,0.676,107.0,11709091.0
337,Lauri Markkanen,CHI,23.0,29.8,50,14.7,6.3,1.5,-1.4,1.6,0.425,2.2,0.344,2.5,0.824,171.0,6731508.0
338,LeBron James,LAL,35.0,34.6,67,25.3,7.8,10.2,6.6,3.9,0.493,2.2,0.348,3.9,0.693,6.0,39219565.0
340,Lonzo Ball,NOP,22.0,32.1,63,11.8,6.1,7.0,-0.4,3.1,0.403,2.3,0.375,0.7,0.566,111.0,11003782.0
341,Lou Williams,LAC,33.0,28.7,65,18.2,3.1,5.6,3.1,2.8,0.418,1.7,0.352,4.5,0.861,151.0,8000000.0
344,Luguentz Dort,OKC,21.0,22.8,36,6.8,2.3,0.8,1.5,0.6,0.394,0.8,0.297,1.2,0.792,413.0,1517981.0
347,Luke Kennard,DET,24.0,32.9,28,15.8,3.5,4.1,-0.8,1.5,0.442,2.6,0.399,2.4,0.893,197.0,5273826.0
348,Luke Kornet,CHI,24.0,15.5,36,6.0,2.3,0.9,-1.2,0.4,0.439,0.9,0.287,0.6,0.714,324.0,2304878.0
349,Malcolm Brogdon,IND,27.0,30.9,54,16.5,4.9,7.1,1.6,2.4,0.438,1.4,0.326,3.1,0.892,51.0,20700000.0
351,Malik Beasley,MIN,23.0,22.0,55,11.2,2.7,1.4,-0.9,1.0,0.425,1.9,0.388,1.0,0.818,91.0,13325895.0
352,Malik Monk,CHA,22.0,21.3,55,10.3,2.9,2.1,-4.2,1.4,0.434,1.1,0.284,1.5,0.82,195.0,5345687.0
354,Marc Gasol,TOR,35.0,26.4,44,7.5,6.3,3.3,6.1,1.3,0.427,1.3,0.385,0.8,0.735,298.0,2564753.0
357,Marcus Smart,BOS,26.0,32.0,60,12.9,3.8,4.9,4.7,1.7,0.375,2.3,0.347,2.1,0.836,89.0,13446428.0
360,Markelle Fultz,ORL,22.0,27.7,72,12.1,3.3,5.1,-0.8,2.0,0.465,0.5,0.267,1.6,0.73,100.0,12288697.0
361,Markieff Morris,LAL,30.0,20.5,58,9.7,3.8,1.3,-2.2,1.3,0.443,1.5,0.386,1.1,0.776,317.0,2331593.0
362,Marko Guduric,MEM,25.0,11.0,44,3.9,1.7,1.0,-0.6,0.8,0.395,0.6,0.301,0.5,0.923,290.0,2750000.0
364,Marquese Chriss,GSW,22.0,20.3,59,9.3,6.2,1.9,-3.8,1.3,0.545,0.1,0.205,2.0,0.769,371.0,1824003.0
365,Marvin Bagley III,SAC,21.0,25.7,13,14.2,7.5,0.8,-6.8,1.4,0.467,0.3,0.182,1.9,0.806,139.0,8963640.0
367,Mason Plumlee,DEN,30.0,17.3,61,7.2,5.2,2.5,-0.9,1.3,0.615,0.0,0.0,1.4,0.535,150.0,8000000.0
368,Matisse Thybulle,PHI,23.0,19.8,65,4.7,1.6,1.2,0.6,0.8,0.423,0.9,0.357,0.4,0.61,292.0,2711280.0
370,Matt Thomas,TOR,25.0,10.7,41,4.9,1.5,0.5,1.6,0.4,0.487,1.1,0.475,0.2,0.75,424.0,1517981.0
371,Matthew Dellavedova,CLE,29.0,14.4,57,3.1,1.3,3.2,-0.2,1.0,0.354,0.4,0.231,0.6,0.865,334.0,2174318.0
372,Maurice Harkless,NYK,27.0,23.0,62,5.8,3.9,1.1,0.3,0.9,0.502,0.5,0.347,0.6,0.591,253.0,3623000.0
374,Maxi Kleber,DAL,28.0,25.5,74,9.1,5.2,1.2,1.4,0.8,0.461,1.6,0.373,1.1,0.849,144.0,8250000.0
376,Meyers Leonard,MIA,28.0,20.3,51,6.1,5.1,1.1,1.5,0.8,0.509,1.0,0.414,0.4,0.643,129.0,9400000.0
377,Mfiondu Kabengele,LAC,22.0,5.4,12,3.5,0.9,0.2,-0.1,0.2,0.438,0.8,0.45,0.4,1.0,342.0,2075880.0
378,Michael Carter-Williams,ORL,28.0,18.5,45,7.2,3.3,2.4,0.5,1.2,0.427,0.5,0.293,1.8,0.832,279.0,3000000.0
381,Michael Porter Jr.,DEN,22.0,16.4,55,9.3,4.7,0.8,0.4,0.9,0.509,1.1,0.422,1.1,0.833,257.0,3550800.0
382,Mikal Bridges,PHX,23.0,28.0,73,9.1,4.0,1.8,1.6,1.0,0.51,1.0,0.361,1.4,0.844,225.0,4359000.0
383,Mike Conley,UTA,32.0,29.0,47,14.4,3.2,4.4,1.6,2.0,0.409,2.0,0.375,2.4,0.827,10.0,34504132.0
384,Mike Muscala,OKC,28.0,12.2,47,4.8,2.3,0.9,-0.4,0.4,0.407,1.1,0.378,0.4,0.818,327.0,2283034.0
385,Mike Scott,PHI,31.0,17.8,68,6.0,3.6,0.8,2.1,0.4,0.426,1.2,0.369,0.4,0.811,205.0,5005350.0
386,Miles Bridges,CHA,22.0,30.7,65,13.0,5.6,1.8,-6.1,1.5,0.424,1.5,0.33,1.6,0.809,240.0,3934320.0
387,Mitchell Robinson,NYK,22.0,23.2,61,9.7,7.0,0.6,-1.8,0.6,0.742,0.0,0.0,1.4,0.568,394.0,1663861.0
388,Miye Oni,UTA,22.0,10.9,10,3.5,1.7,0.4,-1.6,0.4,0.375,0.7,0.368,0.4,0.8,425.0,1517981.0
389,Mo Bamba,ORL,22.0,14.2,62,5.4,4.9,0.7,0.3,0.7,0.462,0.6,0.346,0.5,0.674,185.0,5969040.0
390,Monte Morris,DEN,25.0,22.4,73,9.0,1.9,3.5,0.7,0.7,0.459,0.9,0.378,1.0,0.843,391.0,1663861.0
391,Montrezl Harrell,LAC,26.0,27.8,63,18.6,7.1,1.7,4.0,1.7,0.58,0.0,0.0,3.7,0.658,133.0,9258000.0
392,Moritz Wagner,WAS,23.0,18.6,45,8.7,4.9,1.2,-2.0,1.5,0.545,0.6,0.313,1.7,0.821,336.0,2161920.0
393,Moses Brown,POR,20.0,3.6,9,1.2,1.6,0.1,-3.7,0.3,0.4,0.0,0.0,0.3,0.375,483.0,495102.0
394,Mychal Mulder,GSW,26.0,29.1,7,11.0,3.3,1.1,3.3,0.7,0.388,2.3,0.308,1.3,0.75,429.0,1517981.0
395,Myles Turner,IND,24.0,29.4,62,12.1,6.6,1.2,-0.1,1.4,0.457,1.4,0.344,2.0,0.751,61.0,18000000.0
396,Nassir Little,POR,20.0,11.9,48,3.6,2.3,0.5,-1.1,0.3,0.43,0.3,0.237,0.6,0.636,332.0,2210640.0
398,Naz Reid,MIN,20.0,16.5,30,9.0,4.1,1.2,0.2,0.7,0.412,1.1,0.33,1.2,0.698,427.0,1517981.0
399,Nemanja Bjelica,SAC,32.0,27.9,72,11.5,6.4,2.8,0.1,1.4,0.481,1.9,0.419,1.0,0.821,166.0,7150000.0
400,Nerlens Noel,OKC,26.0,18.5,61,7.4,4.9,0.9,0.4,1.1,0.684,0.0,0.333,1.3,0.755,208.0,5000000.0
401,Nickeil Alexander-Walker,NOP,21.0,12.6,47,5.7,1.8,1.9,-1.2,1.1,0.368,1.0,0.346,0.5,0.676,276.0,3113160.0
402,Nicolas Batum,CHA,31.0,23.0,22,3.6,4.5,3.0,-2.2,1.0,0.346,0.6,0.286,0.4,0.9,137.0,11608231.0
403,Nicolas Batum,CHA,31.0,23.0,22,3.6,4.5,3.0,-2.2,1.0,0.346,0.6,0.286,0.4,0.9,304.0,11608231.0
404,Nicolas Claxton,BKN,21.0,12.5,15,4.4,2.9,1.1,-4.5,0.6,0.563,0.1,0.143,0.7,0.524,410.0,1517981.0
409,Noah Vonleh,DEN,24.0,10.5,36,3.7,3.4,0.8,-1.5,0.6,0.565,0.1,0.2,0.7,0.781,498.0,263995.0
410,Norman Powell,TOR,27.0,28.4,52,16.0,3.7,1.8,2.8,1.5,0.495,2.1,0.399,2.5,0.843,112.0,10865952.0
411,Norvel Pelle,PHI,27.0,9.7,24,2.4,3.0,0.3,-3.1,0.8,0.521,0.0,0.0,0.3,0.5,482.0,717845.0
412,OG Anunoby,TOR,22.0,29.9,69,10.6,5.3,1.6,4.0,1.1,0.505,1.3,0.39,1.0,0.706,242.0,3872215.0
413,Omari Spellman,MIN,22.0,18.1,49,7.6,4.5,1.0,-2.9,1.1,0.431,0.9,0.391,1.5,0.793,356.0,1988280.0
414,Oshae Brissett,TOR,22.0,7.1,19,1.9,1.4,0.4,1.8,0.4,0.361,0.2,0.2,0.4,0.8,497.0,557453.0
415,Oshae Brissett,TOR,22.0,7.1,19,1.9,1.4,0.4,1.8,0.4,0.361,0.2,0.2,0.4,0.8,499.0,557453.0
417,P.J. Tucker,HOU,35.0,34.3,72,6.9,6.6,1.6,2.2,1.0,0.415,1.5,0.358,0.5,0.813,152.0,7969537.0
418,P.J. Washington,CHA,21.0,30.3,58,12.2,5.4,2.1,-3.8,1.6,0.455,1.5,0.374,1.5,0.647,235.0,4023600.0
420,Pascal Siakam,TOR,26.0,35.2,60,22.9,7.3,3.5,6.6,2.5,0.453,2.2,0.359,4.0,0.792,30.0,29000000.0
421,Pat Connaughton,MIL,27.0,18.6,67,5.4,4.2,1.6,1.2,0.8,0.455,0.8,0.331,0.5,0.775,212.0,4938272.0
422,Patrick Beverley,LAC,31.0,26.3,51,7.9,5.2,3.6,5.6,1.3,0.431,1.6,0.388,0.6,0.66,90.0,13333333.0
423,Patrick McCaw,TOR,24.0,24.5,37,4.6,2.3,2.1,0.1,0.8,0.414,0.6,0.324,0.4,0.722,238.0,4000000.0
424,Patrick Patterson,LAC,31.0,13.2,59,4.9,2.6,0.7,0.8,0.4,0.408,1.1,0.39,0.6,0.814,277.0,3814768.0
425,Patrick Patterson,LAC,31.0,13.2,59,4.9,2.6,0.7,0.8,0.4,0.408,1.1,0.39,0.6,0.814,476.0,3814768.0
426,Patty Mills,SAS,31.0,22.5,66,11.6,1.6,1.8,2.0,0.8,0.431,2.3,0.382,1.5,0.866,92.0,13285714.0
427,Paul George,LAC,30.0,29.6,48,21.5,5.7,3.9,5.4,2.6,0.439,3.3,0.412,4.0,0.876,8.0,35450412.0
428,Paul Millsap,DEN,35.0,24.3,51,11.6,5.7,1.6,4.4,1.4,0.482,1.1,0.435,2.3,0.816,122.0,10000000.0
429,Paul Watson,TOR,25.0,8.7,10,3.1,1.7,0.8,3.3,0.3,0.385,0.4,0.333,0.7,0.778,442.0,1445697.0
430,Quinn Cook,LAL,27.0,11.5,44,5.1,1.2,1.1,1.3,0.8,0.425,0.7,0.365,0.3,0.786,451.0,1797183.0
431,Quinn Cook,LAL,27.0,11.5,44,5.1,1.2,1.1,1.3,0.8,0.425,0.7,0.365,0.3,0.786,470.0,1797183.0
433,RJ Barrett,NYK,20.0,30.4,56,14.3,5.0,2.6,-5.8,2.2,0.402,1.1,0.32,2.8,0.614,145.0,8231760.0
434,Rajon Rondo,LAL,34.0,20.5,48,7.1,3.0,5.0,0.9,1.9,0.418,0.9,0.328,0.6,0.659,159.0,7500000.0
435,Raul Neto,PHI,28.0,12.4,54,5.1,1.1,1.8,0.7,0.9,0.455,0.6,0.386,0.7,0.83,365.0,1882867.0
436,Rayjon Tucker,UTA,22.0,8.1,20,3.1,1.0,0.3,-1.2,0.4,0.465,0.2,0.176,1.0,0.826,493.0,340000.0
437,Reggie Bullock,NYK,29.0,23.6,29,8.1,2.3,1.4,-2.7,0.7,0.402,1.3,0.333,0.6,0.81,230.0,4200000.0
438,Reggie Jackson,LAC,30.0,24.0,31,11.9,3.0,4.1,3.5,1.6,0.411,1.8,0.393,1.5,0.833,318.0,2331593.0
439,Richaun Holmes,SAC,26.0,28.2,44,12.3,8.1,1.0,0.4,1.2,0.648,0.0,0.0,2.1,0.788,203.0,5005350.0
440,Ricky Rubio,PHX,29.0,31.0,65,13.0,4.7,8.8,2.3,2.7,0.415,1.2,0.361,3.0,0.863,66.0,17000000.0
441,Robert Covington,HOU,29.0,30.5,70,12.4,6.6,1.3,0.5,1.5,0.422,2.3,0.335,1.4,0.798,103.0,12138345.0
443,Robin Lopez,MIL,32.0,14.5,66,5.4,2.4,0.7,0.1,1.0,0.492,0.5,0.333,0.4,0.528,163.0,7300000.0
444,Rodions Kurucs,BKN,22.0,14.5,47,4.6,2.9,1.1,-0.6,1.0,0.446,0.7,0.367,0.5,0.632,374.0,1780152.0
445,Rodney Hood,POR,27.0,29.5,21,11.0,3.4,1.5,0.2,0.9,0.506,1.7,0.493,1.0,0.778,119.0,10047450.0
446,Rodney McGruder,LAC,28.0,15.6,56,3.3,2.7,0.6,-0.1,0.4,0.398,0.4,0.27,0.3,0.559,207.0,5000000.0
447,Romeo Langford,BOS,20.0,11.6,32,2.5,1.3,0.4,2.1,0.3,0.35,0.2,0.185,0.6,0.72,251.0,3631200.0
449,Royce O'Neale,UTA,27.0,28.9,71,6.3,5.5,2.5,3.0,0.9,0.433,1.3,0.377,0.6,0.764,149.0,8035714.0
450,Rudy Gay,SAS,33.0,21.8,67,10.8,5.4,1.7,0.2,1.3,0.446,1.1,0.336,1.8,0.882,84.0,14000000.0
451,Rudy Gobert,UTA,28.0,34.3,68,15.1,13.5,1.5,4.3,1.9,0.693,0.0,0.0,3.7,0.63,42.0,26525281.0
452,Rui Hachimura,WAS,22.0,30.1,48,13.5,6.1,1.8,-5.3,1.1,0.466,0.5,0.287,2.4,0.829,219.0,4692840.0
453,Russell Westbrook,HOU,31.0,36.0,57,27.2,7.9,7.0,2.2,4.5,0.472,1.0,0.258,5.1,0.763,2.0,41358814.0
454,Ryan Anderson,HOU,32.0,7.0,2,2.5,3.5,1.0,3.5,0.5,0.286,0.5,0.2,0.0,0.0,198.0,5214583.0
455,Ryan Arcidiacono,CHI,26.0,16.0,58,4.5,1.9,1.7,-1.4,0.6,0.409,0.9,0.391,0.5,0.711,281.0,3000000.0
457,Sekou Doumbouya,DET,19.0,19.8,38,6.4,3.1,0.5,-4.6,0.9,0.39,0.7,0.286,0.8,0.674,266.0,3449400.0
458,Semi Ojeleye,BOS,25.0,14.6,69,3.4,2.1,0.5,-0.4,0.3,0.408,0.7,0.378,0.4,0.875,379.0,1752950.0
459,Serge Ibaka,TOR,30.0,27.0,55,15.4,8.2,1.4,1.7,2.0,0.512,1.3,0.385,1.6,0.718,135.0,9258000.0
460,Seth Curry,DAL,29.0,24.6,64,12.4,2.3,1.9,2.5,1.0,0.495,2.3,0.452,1.3,0.825,155.0,7813953.0
462,Shai Gilgeous-Alexander,OKC,21.0,34.7,70,19.0,5.9,3.3,2.2,1.9,0.471,1.2,0.347,4.1,0.807,231.0,4141320.0
463,Shake Milton,PHI,23.0,20.1,40,9.4,2.2,2.6,-0.1,1.2,0.484,1.5,0.43,1.3,0.785,383.0,1701593.0
465,Shaquille Harrison,CHI,26.0,11.3,43,4.9,2.0,1.1,1.4,0.4,0.467,0.4,0.381,0.9,0.78,473.0,770433.0
466,Sindarius Thornwell,NOP,25.0,17.7,2,8.0,2.0,2.0,-1.5,1.0,0.545,1.0,0.5,1.0,0.5,474.0,747435.0
468,Solomon Hill,MIA,29.0,18.4,59,5.5,2.8,1.8,-1.3,0.9,0.396,1.1,0.368,0.7,0.741,335.0,2174318.0
469,Spencer Dinwiddie,BKN,27.0,31.2,64,20.6,3.5,6.8,0.8,2.7,0.415,1.9,0.308,5.4,0.778,109.0,11454048.0
470,Stanley Johnson,TOR,24.0,6.0,25,2.4,1.5,0.8,0.5,0.6,0.373,0.3,0.292,0.4,0.563,246.0,3801000.0
472,Stephen Curry,GSW,32.0,27.9,5,20.8,5.2,6.6,-9.0,3.2,0.402,2.4,0.245,5.2,1.0,1.0,43006362.0
473,Sterling Brown,MIL,25.0,14.7,52,5.1,3.5,1.0,1.3,0.8,0.371,0.8,0.324,0.6,0.8,390.0,1678854.0
474,Steven Adams,OKC,26.0,26.7,63,10.9,9.3,2.3,2.4,1.5,0.592,0.0,0.333,1.9,0.582,39.0,27528090.0
476,T.J. Leaf,IND,23.0,7.9,28,3.0,2.5,0.3,0.3,0.3,0.419,0.2,0.278,0.3,0.438,226.0,4326825.0
477,T.J. McConnell,IND,28.0,18.7,71,6.5,2.7,5.0,0.7,1.4,0.516,0.1,0.294,0.5,0.833,263.0,3500000.0
478,T.J. Warren,IND,26.0,32.9,67,19.8,4.2,1.5,1.9,1.3,0.536,1.4,0.403,2.5,0.819,106.0,11750000.0
480,Taj Gibson,NYK,35.0,16.5,62,6.1,4.3,0.8,-4.2,0.8,0.584,0.1,0.286,0.7,0.732,326.0,3283684.0
481,Taj Gibson,NYK,35.0,16.5,62,6.1,4.3,0.8,-4.2,0.8,0.584,0.1,0.286,0.7,0.732,453.0,3283684.0
482,Talen Horton-Tucker,LAL,19.0,13.5,6,5.7,1.2,1.0,-3.0,1.0,0.467,0.7,0.308,0.3,0.5,420.0,1517981.0
484,Taurean Prince,BKN,26.0,29.0,64,12.1,6.0,1.8,1.1,2.0,0.376,2.3,0.339,1.1,0.798,85.0,13942308.0
485,Terance Mann,LAC,23.0,8.8,41,2.4,1.3,1.3,-0.1,0.4,0.468,0.2,0.35,0.4,0.667,406.0,1517984.0
486,Terence Davis,TOR,23.0,16.8,72,7.5,3.3,1.6,2.8,1.1,0.456,1.3,0.388,0.7,0.864,426.0,1517981.0
487,Terrance Ferguson,OKC,22.0,22.5,56,3.9,1.3,0.9,-2.6,0.6,0.355,0.9,0.292,0.3,0.75,239.0,3944013.0
488,Terrence Ross,ORL,29.0,27.4,69,14.7,3.2,1.2,-1.0,1.0,0.403,2.6,0.351,2.3,0.853,88.0,13500000.0
489,Terry Rozier,CHA,26.0,34.4,63,18.0,4.4,4.1,-6.3,2.2,0.423,2.7,0.407,2.6,0.874,57.0,18900000.0
491,Thaddeus Young,CHI,32.0,24.9,64,10.3,4.9,1.8,-3.3,1.6,0.448,1.2,0.356,0.7,0.583,87.0,13545000.0
492,Thanasis Antetokounmpo,MIL,27.0,6.4,20,2.8,1.2,0.8,-0.8,0.6,0.5,0.0,0.0,0.4,0.412,384.0,1701593.0
494,Thomas Bryant,WAS,22.0,24.9,46,13.2,7.2,1.8,-3.5,1.2,0.581,0.8,0.407,1.9,0.741,143.0,8333333.0
495,Thon Maker,DET,23.0,12.9,60,4.7,2.8,0.7,-2.4,0.8,0.482,0.4,0.344,1.2,0.664,496.0,309355.0
497,Tim Hardaway Jr.,DAL,28.0,29.5,71,15.8,3.3,1.9,4.1,1.0,0.434,2.9,0.398,2.1,0.819,56.0,18975000.0
499,Tobias Harris,PHI,27.0,34.3,72,19.6,6.9,3.2,2.2,1.4,0.471,1.8,0.367,2.4,0.806,14.0,33517241.0
501,Tony Bradley,UTA,22.0,11.4,58,4.9,4.6,0.4,-0.2,0.5,0.667,0.1,1.0,0.5,0.652,259.0,3542060.0
502,Tony Snell,DET,28.0,27.8,59,8.0,1.9,2.2,-2.9,0.5,0.445,1.7,0.402,0.5,1.0,102.0,12178571.0
503,Torrey Craig,DEN,29.0,18.5,58,5.4,3.3,0.8,-3.0,0.4,0.461,0.8,0.326,0.4,0.611,388.0,1678854.0
504,Trae Young,ATL,21.0,35.3,60,29.6,4.3,9.3,-3.8,4.8,0.437,3.4,0.361,8.0,0.86,174.0,6571800.0
507,Trevor Ariza,POR,35.0,28.2,53,8.0,4.6,1.7,-0.2,1.1,0.438,1.5,0.372,1.2,0.838,96.0,12800000.0
508,Trey Burke,DAL,27.0,15.8,33,7.4,1.5,2.5,0.8,0.6,0.45,1.0,0.427,0.7,0.793,271.0,3174603.0
509,Trey Lyles,SAS,24.0,20.2,63,6.4,5.7,1.1,-0.9,0.6,0.446,1.0,0.387,0.5,0.733,192.0,5500000.0
510,Tristan Thompson,CLE,29.0,30.2,57,12.0,10.1,2.1,-6.6,1.8,0.512,0.2,0.391,1.7,0.615,134.0,9258000.0
511,Troy Brown Jr.,WAS,20.0,25.8,69,10.4,5.6,2.6,-3.3,1.1,0.439,0.9,0.341,1.6,0.784,267.0,3372840.0
513,Ty Jerome,PHX,22.0,10.6,31,3.3,1.5,1.4,-3.3,0.6,0.336,0.5,0.28,0.4,0.75,325.0,2303040.0
515,Tyler Herro,MIA,20.0,27.4,55,13.5,4.1,2.2,-0.4,1.6,0.428,2.1,0.389,1.6,0.87,245.0,3822240.0
516,Tyler Johnson,BKN,28.0,18.2,39,7.0,1.9,1.9,-2.6,0.7,0.388,1.0,0.319,1.1,0.84,350.0,2028594.0
520,Tyus Jones,MEM,24.0,19.0,65,7.4,1.6,4.4,-0.8,0.8,0.459,0.7,0.379,0.7,0.741,153.0,7965100.0
521,Udonis Haslem,MIA,40.0,11.0,4,3.0,4.0,0.3,-4.8,0.3,0.364,0.3,0.333,0.8,0.75,302.0,2564753.0
523,Victor Oladipo,IND,28.0,27.8,19,14.5,3.9,2.9,-0.3,2.5,0.394,1.7,0.317,2.5,0.814,50.0,21000000.0
525,Vincent Poirier,BOS,26.0,5.9,22,1.9,2.0,0.4,-0.9,0.4,0.472,0.0,0.5,0.3,0.857,295.0,2619207.0
527,Wayne Ellington,NYK,32.0,15.5,36,5.1,1.8,1.2,-0.5,0.5,0.351,1.4,0.35,0.3,0.846,305.0,3005225.0
528,Wayne Ellington,NYK,32.0,15.5,36,5.1,1.8,1.2,-0.5,0.5,0.351,1.4,0.35,0.3,0.846,486.0,3005225.0
529,Wendell Carter Jr.,CHI,21.0,29.2,43,11.3,9.4,1.2,-0.7,1.7,0.534,0.1,0.207,2.6,0.737,193.0,5448840.0
530,Wenyen Gabriel,POR,23.0,7.8,30,2.1,1.7,0.3,-1.5,0.5,0.438,0.2,0.3,0.5,0.682,405.0,1620564.0
532,Wesley Matthews,MIL,33.0,24.4,67,7.4,2.5,1.4,6.8,0.6,0.396,1.6,0.364,0.8,0.765,255.0,3623000.0
533,Will Barton,DEN,29.0,33.0,58,15.1,6.3,3.7,4.2,1.5,0.45,1.9,0.375,1.8,0.767,86.0,13920000.0
535,Willie Cauley-Stein,DAL,26.0,20.3,54,7.2,5.8,1.3,-2.4,0.7,0.579,0.0,0.0,0.7,0.606,236.0,4000000.0
539,Yuta Watanabe,MEM,25.0,5.8,18,2.0,1.1,0.3,0.6,0.1,0.441,0.2,0.375,0.2,0.375,495.0,321893.0
540,Zach Collins,POR,22.0,26.4,11,7.0,6.3,1.5,3.3,1.3,0.471,0.6,0.368,0.5,0.75,194.0,5406255.0
541,Zach LaVine,CHI,25.0,34.8,60,25.5,4.8,4.2,-3.2,3.4,0.45,3.1,0.38,4.5,0.802,53.0,19500000.0
543,Zhaire Smith,PHI,21.0,4.6,7,1.1,0.3,0.3,-1.4,0.3,0.273,0.0,0.0,0.3,0.5,270.0,3204600.0
544,Zion Williamson,NOP,19.0,27.8,24,22.5,6.3,2.1,2.6,2.5,0.583,0.3,0.429,4.8,0.64,117.0,10245480.0
545,Zylan Cheatham,NOP,24.0,12.8,4,3.0,2.3,0.8,-7.0,1.0,0.667,0.0,0.0,0.0,0.0,437.0,1445697.0
